Country,City,Latitude,Longitude,ID
Russian Federation,Volgograd,48.71939,44.50183,1022
Algeria,Setif,36.19112,5.41373,1439
Suriname,Stoelmanseiland,4.35478,-54.42058,2087
Sudan,Kassala,15.45099,36.39998,1537
Vanuatu,Luganville,-15.51989,167.16235,674
Italy,Catania,37.49223,15.07041,2071
Belgium,Merelbeke,50.99447,3.74621,2650
Saudi Arabia,Al-Baha,20.29513,41.64016,862
Australia,Esperance,47.78899,-122.35541,399
Japan,Sendai,38.26667,140.86667,182
Pakistan,Islamabad,33.72148,73.04329,223
Mexico,Jalapa,14.63472,-89.98889,1286
Nepal,Pokhara,28.26689,83.96851,2104
China,Xiamen,24.47979,118.08187,563
Armenia,Jermuk,39.83948,45.67112,2080
Australia,Longerenong,-36.683,142.344,1690
Belgium,Wanze,50.53907,5.20846,2832
Kenya,Wajir,1.7471,40.05732,2953
United Republic of Tanzania,Dodoma,-6.17221,35.73947,667
Viet Nam,Tây Ninh,11.3125,106.1006,915
Belgium,Namur,50.4669,4.86746,2670
France,Tarbes,43.23407,0.07139,3586
Belgium,Bilzen,50.87325,5.5184,2351
Venezuela,Santa Elena De Uairen,4.60226,-61.11025,2064
United States,Rhode Island,41.680893,-71.51178,3838
Tajikistan,Khorog,37.48974,71.55304,911
Italy,Verona,45.43854,10.9938,2077
Madagascar,Ranohira,-22.48333,45.4,3005
Mongolia,Ulaanbaatar,47.90771,106.88324,229
India,Kolkata,22.56263,88.36304,225
Australia,Strathbogie,-36.85,145.75,1733
India,Baroda,41.95754,-86.48557,1571
Australia,Townsville,-19.26639,146.8057,321
Benin,Ouidah,6.36307,2.08506,2213
Gambia (The),Kaur,25.8951,65.56237,3528
Panama,Bocas del Toro,9.34031,-82.24204,1245
Switzerland,Lugano,46.01008,8.96004,313
Syrian Arab Republic,Lattakia,35.40109,35.94868,1263
Australia,Port Arthur,29.88519,-93.94233,1719
Austria,Klagenfurt,46.62472,14.30528,904
Nepal,Kathmandu,27.70169,85.3206,114
Tunisia,Tunis-Carthage,36.85103,10.22722,243
Kenya,Mombasa,-4.05466,39.66359,520
Belgium,Ath,37.98376,23.72784,2317
Russian Federation,Kaliningrad,54.70649,20.51095,977
Paraguay,Encarnacion,-27.33056,-55.86667,1177
Qatar,Dukhan,25.42485,50.78227,1881
Mozambique,Chimoio,-19.11639,33.48333,125
United Kingdom of Great Britain and Northern Ireland,Exeter,50.7236,-3.52751,34
Belgium,Rebecq,50.66597,4.13202,2727
France,Arras,50.29301,2.78186,3584
Belgium,Braine-Le-Comte,50.60979,4.14658,2368
Belgium,Wevelgem,50.8,3.16667,2846
Hungary,Gyor,47.68333,17.63512,61
Spain,Las Palmas de Gran Canaria,28.09973,-15.41343,1234
France,Le Lamentin,14.61341,-60.99964,307
Viet Nam,Sóc Trăng,9.6019,105.9731,547
Australia,Newcastle,-27.75796,29.9318,319
Mozambique,Xai-Xai,-25.05194,33.64417,127
India,Amritsar,31.62234,74.87534,1567
Colombia,Mocoa,1.15284,-76.65208,1327
Belgium,Merchtem,50.95129,4.23197,2649
Sweden,Umea,63.82842,20.25972,3022
Afghanistan,Kabul,34.52813,69.17233,219
Russian Federation,Brjansk,53.21419,34.17645,979
Portugal,Aveiro,40.64427,-8.64554,2219
Mozambique,Inhambane,-23.865,35.38333,126
Malaysia,Sibu,2.3,111.81667,90
Belgium,Chimay,50.04856,4.31712,2392
Ecuador,Guayaquil,-2.19616,-79.88621,2048
Morocco,Rabat-Sale,34.05147,-6.75152,3519
Spain,Zaragoza,41.65606,-0.87734,1240
Belgium,Sint-Gillis-Waas,51.21914,4.12374,2763
Mali,Gao,20.14444,-75.20917,135
United States,Utah,40.150032,-111.862434,3843
Brazil,Sao Paulo,-23.5475,-46.63611,1083
Belgium,Juprelle,50.7076,5.53127,2555
Philippines,General Santos,6.11278,125.17167,1105
China,Baotou,40.6516,109.84389,1833
Mongolia,Khatgal,50.44477,100.15806,1141
Belgium,Lille,50.63297,3.05858,2613
Viet Nam,Hưng Yên,20.6465,106.0511,669
Iraq,Kirkuk,35.46806,44.39222,1466
Belgium,Tintigny,49.68326,5.51349,2801
Australia,Mount Isa,-20.72523,139.49727,1705
Viet Nam,Phú Quốc,10.279526,104.003538,729
Belgium,Lennik,50.80903,4.16219,2598
Australia,Borroloola,-16.06969,136.30797,368
Spain,Valencia,39.47391,-0.37966,1238
Belgium,Sint-Truiden,50.81679,5.18647,2773
Belgium,Lierneux,50.28477,5.79236,2612
Israel,Lod,51.77058,19.47395,1932
Libya (State of),Sebha,26.98696,14.47252,1195
Indonesia,Padang,-0.94924,100.35427,2255
Russian Federation,Tura,25.51421,90.20239,974
India,Udaipur,24.58584,73.71346,1627
Syrian Arab Republic,Damascus,33.5102,36.29128,213
Burundi,Muyinga,-2.8451,30.3414,1522
Zambia,Mongu,-15.24835,23.12741,1309
Slovakia,Hurbanovo,47.86984,18.19233,1224
China,Zhanjiang,21.23391,110.38749,1870
Belgium,Wetteren,51.00526,3.88341,2845
Ghana,Accra,5.55602,-0.1969,921
China,Jiujiang,29.70475,116.00206,1843
Zimbabwe,Kadoma,34.7381,135.57442,952
Viet Nam,Quảng Bình,17.4731,106.5962,981
Viet Nam,Tuyên Quang,21.8159,105.2132,275
India,Ambikapur,23.11892,83.19537,1566
Viet Nam,Hà Nội,21.0285,105.8542,701
United Kingdom of Great Britain and Northern Ireland,Guernsey,42.26969,-104.74163,1373
China,Shijiazhuang,38.04139,114.47861,550
Russian Federation,Kurgan,55.45,65.33333,1004
Australia,Brisbane,-27.46794,153.02809,320
Guyana,Linden,6.00809,-58.30714,1494
Burundi,Ngozi,-2.9075,29.8306,1520
Syrian Arab Republic,Homs,34.72682,36.72339,1267
Australia,Wudinna,-33.05013,135.4638,1217
Czechia,Prague,50.08804,14.42076,197
Burkina Faso,Dedougou,12.46338,-3.46075,1528
TÃ¼rkiye,Ankara,39.91987,32.85427,48
Belgium,Sint-Lambrechts-Woluwe,50.84389,4.42912,2766
Myanmar,Lashio,22.9359,97.7498,2146
Australia,Lismore,43.74774,-95.94724,439
Sudan,Port Sudan,19.61745,37.21644,1535
Comoros,Moroni,-11.70216,43.25506,311
Philippines,Cabanatuan,15.48586,120.96648,1095
Spain,Cadiz,36.52672,-6.2891,1761
Spain,Reinosa,42.99959,-4.13801,2903
Kenya,Nairobi,-1.28333,36.81667,251
Indonesia,Jakarta,-6.21462,106.84513,310
Australia,Innisfail,-17.52209,146.03102,417
Azerbaijan,Baku,40.37767,49.89201,18
Australia,Sale,34.0531,-6.79846,490
Sri Lanka,Nuwara Eliya,6.97078,80.78286,343
Australia,Rosebery,-41.77941,145.53825,1727
Viet Nam,Đắk Lắk,12.6667,108.05,196
Ethiopia,Assosa,10.16667,34.52,1918
Papua New Guinea,Vanimo,-2.68372,141.30196,1432
Mongolia,Erdenet,49.03333,104.08333,1149
Libya (State of),Benghazi,32.11486,20.06859,1182
Ghana,Axim,4.86641,-2.24181,2968
Latvia,Riga,56.946,24.10589,175
Saudi Arabia,Tabouk,12.0935,-12.8759,697
Iraq,Amarah,31.83561,47.14483,1463
Iran (Islamic Republic of),Esfahan,35.24735,50.1286,935
Greece,Mytilini,39.10772,26.55529,2285
France,Mende,44.52161,3.49978,3571
Ghana,Sefwi Bekwai,6.19583,-2.32106,2978
Nicaragua,Chinandega,12.62937,-87.13105,284
Poland,Krakow,50.06143,19.93658,27
Australia,Elizabeth,40.66399,-74.2107,397
Belgium,Asse,50.91011,4.19836,2314
Belgium,Haacht,50.97737,4.63777,2490
Lesotho,Qacha's Nek,-30.11537,28.68936,1334
Mongolia,Choibalsan,48.07257,114.53264,1152
Spain,Cartagena,10.39972,-75.51444,2178
Belgium,Steenokkerzeel,50.91851,4.50989,2785
Dominican Republic,La Romana,18.42278,-68.96639,593
Peru,Cajamarca,-7.16378,-78.50027,107
Viet Nam,Phú Yên,13.0883,109.3045,249
Suriname,Albina,5.49788,-54.05522,2081
Papua New Guinea,Daru,-9.07786,143.20892,1426
Australia,Noarlunga,-35.18209,138.50137,470
United Kingdom of Great Britain and Northern Ireland,Bala,44.88389,22.83333,1896
Bosnia and Herzegovina,Tuzla,44.53842,18.66709,15
Botswana,Sir Seretse Khama Airport,-24.55583,25.92306,1547
Australia,Tom Price,-22.6939,117.7931,1260
Belgium,Riemst,50.80995,5.60131,2731
United Kingdom of Great Britain and Northern Ireland,Jersey,33.71567,-83.79879,1372
Romania,Sulina,45.15564,29.65403,2097
Israel,Eilat,29.55805,34.94821,46
Australia,Mount Barker,-35.06667,138.86667,1699
Colombia,Tumaco,1.79112,-78.79275,888
Portugal,Santa Cruz das Flores,39.45782,-31.12989,2226
Chad,Faya-Largeau,17.9257,19.10428,1173
Iraq,Karbala,32.61603,44.02488,1465
France,Privas,44.735,4.59918,3534
Russian Federation,Abakan,53.71556,91.42917,1108
India,Kodaikanal,10.23925,77.48932,1600
Belgium,Bouillon,49.79324,5.06703,2363
Libya (State of),Ghadames,30.13366,9.50072,1194
France,Le Puy-en-Velay,45.04366,3.88523,3567
Fiji,Suva,-18.13683,178.42531,93
Viet Nam,Kon Tum,14.35,108.0,226
Spain,Palma de Mallorca,18.72917,-91.65694,1236
Belgium,Oud-Heverlee,50.83522,4.66421,2696
Belgium,Antwerp,51.22047,4.40026,2308
Saint Lucia,Castries,13.9957,-61.00614,1222
Kenya,Nyeri,-0.42013,36.94759,2949
Belgium,Bievre,49.94085,5.01591,2350
Russian Federation,Belgorod,50.61074,36.58015,1021
France,Dijon,47.31667,5.01667,3547
Ukraine,Uzhhorod,48.6242,22.2947,2942
India,Bareilly,28.36678,79.43167,1570
France,Versailles,48.80359,2.13424,3596
Cyprus,Paralimni,35.03945,33.98181,1884
United States,Mississippi,32.741646,-89.678696,3823
Republic of Moldova,Cahul,45.90425,28.19929,1424
Sweden,Norrkoping,58.59419,16.1826,1043
Slovenia,Ratece,46.46815,13.71439,1926
France,Auch,43.64561,0.58856,3557
Italy,Genova,14.62216,-91.8358,1948
Suriname,Paramaribo,5.86638,-55.16682,1048
South Africa,Bloemfontein,-29.12107,26.214,2984
Australia,Leonora,-28.88509,121.33074,1259
Russian Federation,Petrozavodsk,61.78491,34.34691,968
El Salvador,Nueva Concepcion,14.2,-91.3,1189
Venezuela,La Canada,20.60805,-100.33275,2058
Papua New Guinea,Wewak,-3.54964,143.6323,1433
Argentina,El Calafate,-50.34075,-72.27682,2205
Viet Nam,Hoàng Sa,16.641233,112.742024,288
Spain,Huesca,42.13615,-0.4087,1772
Zimbabwe,Karoi,-16.80993,29.69247,957
Colombia,Manizales,5.06889,-75.51738,875
Jordan,Aqaba,29.52667,35.00778,591
Panama,Panama City,8.9936,-79.51973,1221
Australia,Toowoomba,-27.56056,151.95386,502
China,Hefei,31.86389,117.28083,553
France,La Desirade,16.31667,-61.03333,3615
Estonia,Parnu,58.38588,24.49711,1928
Cameroon,Maroua,10.59095,14.31593,3018
Saudi Arabia,Arar,30.97531,41.03808,1887
Australia,Bathurst,-33.41665,149.5806,364
Iran (Islamic Republic of),Birjand,32.86628,59.22114,1445
Gambia (The),Janjanbureh,13.54039,-14.76374,3527
Vanuatu,Saratamata,-15.29031,167.9668,1471
Viet Nam,Khánh Hòa,12.2467,109.1833,684
Viet Nam,Tiền Giang,10.3606,106.3636,146
Russian Federation,Nevinnomyssk,44.6333,41.9444,1033
India,Jaipur,26.91962,75.78781,531
France,Rochambeau,47.8006,0.97886,305
Syrian Arab Republic,Qamishli,36.4289,66.57429,1265
Australia,Leigh Creek,-30.59308,138.40027,437
New Zealand,Tokoroa,-38.23333,175.86667,2131
Australia,Zeehan,-41.88342,145.33623,1828
Ireland,Cork,51.89797,-8.47061,328
Belgium,Veurne,51.07316,2.66803,2814
Australia,Maitland,-32.73308,151.5574,445
Belgium,Jurbise,50.531,3.90942,2556
Portugal,Setubal,38.5244,-8.8882,2230
Belgium,Ellezelles,50.73512,3.67985,2433
India,Shimla,31.10442,77.16662,1622
China,Zhengzhou,34.75778,113.64861,552
Bosnia and Herzegovina,Mostar,43.34333,17.80806,14
Mexico,Leon,21.12908,-101.67374,1287
Belgium,Lint,51.12707,4.49669,2617
Australia,Northam,-24.95775,27.26543,472
India,Ahmedabad,23.02579,72.58727,522
Venezuela,Guanare,9.04183,-69.74206,2056
Russian Federation,Surgut,61.25757,73.41775,1039
France,Saint-Barthelemy,47.7501,6.58384,3616
Latvia,Liepaja,56.50474,21.01085,174
New Caledonia,Ouvea,-13.28188,-176.20663,1483
United States,Louisiana,31.169546,-91.867805,3817
Belgium,Blankenberge,51.31306,3.13227,2353
Oman,Sohar,24.34745,56.70937,1418
Republic of Korea,Seoul,37.566,126.9784,231
Kenya,Nakuru,-0.30719,36.07225,518
Belgium,Avelgem,50.77618,3.44502,2321
Australia,Bondi,45.73606,9.48848,1656
Belgium,Vosselaar,51.30856,4.8896,2824
Iceland,Reykjavik,64.13548,-21.89541,189
Australia,Cygnet,41.24005,-83.64327,1808
India,Jamshedpur,22.80278,86.18545,1595
Thailand,Phetchabun,16.41904,101.16056,569
Belgium,Wijnegem,51.22787,4.51895,2850
Australia,Moree,47.90397,1.23421,457
French Polynesia,Bora-Bora,-16.49956,-151.73714,3628
Belgium,Somme-Leuze,50.33699,5.36705,2777
India,Gaya,24.79686,85.00385,1583
Paraguay,Ciudad Del Este,-25.50972,-54.61111,1175
Viet Nam,Trà Vinh,9.9342,106.3339,587
Morocco,Marrakech,31.63416,-7.99994,180
Ireland,Wexford,52.33417,-6.4575,1917
Belgium,Haaltert,50.90634,4.00093,2491
France,Chambery,45.56628,5.92079,3592
India,Ranchi,23.34316,85.3094,1619
Belgium,Crisnee,50.71703,5.39802,2402
Republic of Korea,Daejeon,36.34913,127.38493,334
Australia,Cape Byron,-28.63342,153.63815,378
Australia,Warrnambool,-38.38176,142.48799,506
Spain,Malaga,36.72016,-4.42034,1235
Belgium,Arendonk,51.32267,5.08289,2311
Belgium,Herstal,50.66415,5.62346,2520
Guyana,New Amsterdam,6.24793,-57.5171,1496
Belgium,Attert,49.75035,5.78634,2318
Eritrea,Asmara,15.33805,38.93184,155
Spain,Marbella,36.51543,-4.88583,2187
Bahamas,Freeport,42.29669,-89.62123,1633
Belgium,Houyet,50.18619,5.00762,2538
Belgium,Mettet,50.32119,4.66232,2654
Australia,Mount Hotham,-36.97712,147.13303,1704
Bulgaria,Sofia,42.69751,23.32415,303
Belgium,Hotton,50.26742,5.44609,2534
Germany,Magdeburg,52.12773,11.62916,1351
Australia,Yuendumu,-22.25585,131.79286,1752
Ghana,Wa,10.06069,-2.50192,1387
Australia,Portland,45.52345,-122.67621,1720
Iran (Islamic Republic of),Ghom,29.22878,83.98314,1448
Ghana,Yendi,9.44272,-0.00991,1385
Saint Lucia,Vieux-Fort,15.94959,-61.69928,1248
Belgium,Herne,51.5388,7.22572,2517
Belgium,Kinrooi,51.14543,5.74207,2565
China,Xuzhou,34.20442,117.28386,1864
Nigeria,Benin,9.5,2.25,3504
Peru,Piura,-5.19449,-80.63282,106
Belgium,Rochefort,45.94304,-0.96774,2734
Australia,Dubbo,-32.24295,148.60484,395
India,Ludhiana,30.91204,75.85379,1604
North Macedonia,Ohrid,41.11722,20.80194,1499
Syrian Arab Republic,Palmyra,39.79421,-91.52321,1264
Belgium,Rotselaar,50.95302,4.71665,2738
Syrian Arab Republic,Aleppo,36.20124,37.16117,1261
Australia,Mornington,-45.88333,170.46667,1697
Belgium,Hamont-Achel,51.24967,5.50552,2500
Belgium,Edegem,51.15662,4.44504,2430
Argentina,Bariloche,-41.14557,-71.30822,858
United States,Kentucky,37.66814,-84.670067,3816
Japan,Fukuoka,33.6,130.41667,185
Spain,Vigo,42.23282,-8.72264,2200
Oman,Khassab,14.54028,-17.06361,1405
Russian Federation,Ekaterinburg,56.74311,60.80273,916
France,Albi,43.9298,2.148,3599
Belgium,Genk,50.965,5.50082,2476
China,Lanzhou,36.05701,103.83987,546
Brazil,Florianopolis,-27.59667,-48.54917,1067
Bangladesh,Dhaka,23.7104,90.40744,1163
Belgium,Oostkamp,51.15432,3.23128,2689
Kyrgyzstan,Bishkek,42.87,74.59,210
Maldives,Hanimaadhoo,6.76485,73.17564,2882
Belgium,Lichtervelde,51.03333,3.15,2607
China,Jingzhou,30.35028,112.19028,1877
Belgium,Trooz,50.57026,5.69521,2807
Spain,Barcelona,41.38879,2.15899,1232
Saudi Arabia,Dammam,26.43442,50.10326,860
Australia,Denham,-25.92679,113.53327,1218
Gambia (The),Kerewan,13.4898,-16.08879,3524
Burkina Faso,Bobo Dioulasso,11.16006,-4.33097,1526
Iran (Islamic Republic of),Tehran,35.69439,51.42151,218
Australia,Devonport,-41.17695,146.35152,394
Dominican Republic,Barahona,41.29493,-2.65637,592
Belgium,Floreffe,50.43452,4.7596,2458
Belgium,Braives,50.62848,5.14798,2369
Belgium,Aubel,50.70189,5.85812,2320
Portugal,Braganca,41.80582,-6.75719,2222
Myanmar,Yangon,16.80528,96.15611,232
Luxembourg,Luxembourg,49.75,6.16667,192
New Zealand,New Plymouth,-39.06667,174.08333,1556
Romania,Bucharest,44.43225,26.10626,200
Ireland,Donegal,40.11257,-79.38254,949
Viet Nam,Kiên Giang,10.0122,105.0809,767
Belgium,Lasne,50.68749,4.48156,2591
French Polynesia,Hiva Oa,-9.76529,-138.9994,3631
Belgium,Rouvroy,50.39247,2.90396,2739
Rwanda,Gicumbi,-3.8612,30.0087,1506
Saudi Arabia,Jizan,16.88917,42.55111,698
Australia,Beechworth,-36.35828,146.68584,1653
Sri Lanka,Ratnapura,6.6858,80.4036,344
Belgium,Comblain-Au-Pont,50.47488,5.57711,2397
Egypt,Hurghada,27.25738,33.81291,1270
Belgium,Kelmis,38.22604,41.80295,2564
Philippines,Dipolog,8.56697,123.33471,1106
Belgium,Meix-Devant-Virton,49.60581,5.48045,2645
Cambodia,Preah Sihanouk,10.60932,103.52958,3654
Australia,Pirlangimpi,-11.40297,130.429,1717
Costa Rica,Canas,42.3924,-2.84649,1126
Bahamas,Nassau,25.05823,-77.34306,97
Belgium,Nieuwpoort,51.13008,2.75135,2680
Viet Nam,Quảng Trị,16.75,107.1833,123
Australia,Jindabyne,-36.41745,148.62254,1681
Cuba,Havana,23.13302,-82.38304,280
Russian Federation,Moscow,55.75222,37.61556,206
Australia,The Entrance,-33.33876,151.4978,1736
New Zealand,Mount Cook,-41.30151,174.77477,2120
Kenya,Lodwar,3.11988,35.59642,519
Australia,Halls Creek,-18.22485,127.66647,412
New Caledonia,Koumac,-20.56667,164.28333,1479
India,Gorakhpur,29.44768,75.67206,1585
New Zealand,Christchurch,-43.53333,172.63333,539
Dominican Republic,San Juan,18.46633,-66.10572,597
United Kingdom of Great Britain and Northern Ireland,Reading,51.45625,-0.97113,1907
Venezuela,Maiquetia,10.5945,-66.95624,1199
Madagascar,Mahanoro,-19.9,48.8,3001
Belgium,Zwijndrecht,51.8175,4.63333,2875
Belgium,Tervuren,50.82372,4.51418,2792
Peru,Tacna,-18.01465,-70.25362,702
Colombia,Quibdo,5.69188,-76.65835,883
Australia,Meekatharra,-26.59524,118.49393,451
Papua New Guinea,Kavieng,-2.57337,150.79517,1428
Brazil,Belem,-1.45583,-48.50444,1061
France,Tulle,45.26582,1.77233,3545
Australia,Hervey Bay,-25.28762,152.76936,414
Belgium,Hoeselt,50.84714,5.48767,2528
Belgium,Sint-Agatha-Berchem,50.86567,4.29557,2759
United Kingdom of Great Britain and Northern Ireland,Hamilton,43.25011,-79.84963,1377
Belgium,Bonheiden,51.02261,4.54714,2357
Israel,Afula,32.60907,35.2892,1929
Thailand,Songkhla,7.19882,100.5951,578
Belgium,Sainte-Ode,50.01723,5.51926,2748
Belgium,Awans,50.66774,5.46329,2322
India,Gulbarga,17.3076,76.95524,1586
South Sudan,Malakal,9.53342,31.66049,1540
Mexico,Merida,20.97537,-89.61696,1290
Australia,Broken Hill,-31.9652,141.4512,373
Mozambique,Beira,-19.84361,34.83889,124
France,Gueret,46.17185,1.87166,3549
Slovakia,Sliac,48.61668,19.13715,1225
Republic of Korea,Jeju,8.41667,39.63333,337
Viet Nam,Thanh Hóa,19.8075,105.7764,454
Belgium,Grez-Doiceau,50.73901,4.69829,2487
Belgium,Maldegem,51.20737,3.44511,2633
Mozambique,Maputo,-25.96553,32.58322,128
Poland,Lublin,51.25,22.56667,2167
Brunei Darussalam,Bandar Seri Begawan,4.89035,114.94006,95
Ethiopia,Addis Ababa,9.02497,38.74689,162
France,Alencon,48.43476,0.09311,3583
Bosnia and Herzegovina,Sarajevo,43.84864,18.35644,13
Cambodia,Pursat,12.53878,103.9192,3652
Australia,Heywood,-38.13294,141.62949,1679
Belgium,Fexhe-Le-Haut-Clocher,50.6654,5.39978,2453
Kyrgyzstan,Osh,40.52828,72.7985,2172
Belgium,Borsbeek,51.19661,4.48543,2362
Republic of Moldova,Balti,47.76314,27.92932,1423
Australia,Eucla,-31.67694,128.88834,400
Russian Federation,Ivanovo,56.99719,40.97139,983
France,Gap,44.55858,6.07868,3533
Saudi Arabia,Sharurah,17.49083,47.11262,1891
Romania,Craiova,44.31667,23.8,2093
Malawi,Mzuzu,-11.46556,34.02071,262
China,Dali,25.58474,100.21229,1834
Belgium,Ohey,50.4357,5.12375,2684
Chad,Abeche,13.82916,20.8324,1169
Nigeria,Kano,12.00012,8.51672,2050
Mali,Sikasso,11.31755,-5.66654,131
Argentina,Buenos Aires,-34.61315,-58.37723,294
Australia,Renmark,-34.17702,140.74696,485
Oman,Sur,22.56667,59.52889,1419
Paraguay,Mariscal Jose Felix Estigarribia,-22.03389,-60.59364,1178
Denmark,Nuuk,64.18347,-51.72157,583
United States,New Jersey,40.298904,-74.521011,3829
Australia,Yulara,-25.2406,130.9889,514
Australia,Queenstown,-31.89756,26.87533,1722
French Polynesia,Hao,39.3995,-84.56134,3630
India,Minicoy,8.28899,73.0617,1608
Chile,Valparaiso,-33.036,-71.62963,2204
Australia,Collie,-33.36206,116.15617,388
Belgium,Brussels,50.85045,4.34878,191
France,Bourg-en-Bresse,46.20574,5.2258,3529
Greece,Alexandroupoli,40.84995,25.87644,2274
China,Tianjin,39.14222,117.17667,353
Zambia,Livingstone,-17.84194,25.85425,1307
Belgium,Blegny,50.67255,5.72508,2354
Estonia,Tartu,58.38062,26.72509,1927
India,Dehradun,30.32443,78.03392,1578
France,Limoges,45.83362,1.24759,3605
Belgium,Peer,51.1303,5.45952,2707
Venezuela,Temblador,9.00525,-62.64493,2065
United States,Texas,31.054487,-97.563461,3842
Viet Nam,Bình Thuận,10.9333,108.1,784
CÃ´te d'Ivoire,Odienne,9.50511,-7.56433,2881
Australia,Casterton,-37.58489,141.40297,1662
Lithuania,Panevezys,55.73186,24.35983,1549
Republic of Moldova,Tiraspol,46.84274,29.62909,1425
Belgium,Bertrix,49.85596,5.25539,2345
Mali,Kidal,18.44345,1.40921,136
India,Agartala,23.83605,91.27939,1560
Belgium,Montigny-Le-Tilleul,50.38056,4.37582,2664
Thailand,Nakhon Ratchasima,14.97066,102.10196,573
Rwanda,Rusizi,-2.2135,29.6542,1508
Belgium,Rumes,50.5545,3.30535,2741
Chad,Mongo,12.18514,18.6884,1174
Spain,Merida,20.97537,-89.61696,2188
Nigeria,Yola,9.20839,12.48146,2052
Nigeria,Abuja,9.05785,7.49508,324
Indonesia,Bengkulu,-3.80044,102.26554,2240
Australia,Young,34.10143,-110.96374,1321
Spain,Teruel,40.3456,-1.10646,1790
Chile,Iquique,-20.21326,-70.15027,102
Colombia,Sincelejo,9.30472,-75.39778,1324
Belgium,Dessel,51.23855,5.11448,2414
Australia,Kingston,17.99702,-76.79358,1684
United Republic of Tanzania,Tabora,-5.01622,32.82663,670
Cameroon,Limbe,4.02356,9.20607,3522
Belgium,Londerzeel,51.00468,4.30304,2624
Indonesia,Surakarta,-7.55611,110.83167,2265
Indonesia,Medan,3.58333,98.66667,647
Cuba,Santiago De Cuba,20.02083,-75.82667,710
Poland,Koszalin,54.19438,16.17222,2165
Argentina,Mendoza,-32.88946,-68.84582,856
Iran (Islamic Republic of),Shiraz,29.61031,52.53113,936
Paraguay,Asuncion,-25.28646,-57.647,292
Belgium,Mechelen,51.02574,4.47762,2641
Belgium,Paliseul,49.90395,5.13537,2705
India,Gopalpur,19.25861,84.90517,1584
France,Colmar,48.08078,7.35584,3588
Ghana,Bole,44.89334,82.06993,2969
Australia,Watsonia,32.74874,-90.93066,516
El Salvador,Santa Ana,33.74557,-117.86783,1186
United States,Wisconsin,44.268543,-89.616508,3848
Ukraine,Odesa,46.48572,30.74383,2937
Togo,Lome,6.12874,1.22154,260
Indonesia,Timika,-4.61407,136.67679,2271
Belgium,Dison,50.61004,5.8534,2422
Bhutan,Thimphu,27.46609,89.64191,2956
Ireland,Galway,53.27245,-9.05095,948
Senegal,Mbour,14.42196,-16.96375,2926
Cuba,Holguin,20.88722,-76.26306,709
Suriname,Nieuw Nickerie,5.92606,-56.97297,2085
South Sudan,Juba,4.85165,31.58247,1541
Belgium,Heist-Op-Den-Berg,51.07537,4.72827,2508
Belgium,Fernelmont,50.55344,4.98605,2451
Zambia,Kasama,-10.21289,31.18084,1306
Belgium,Deinze,50.98175,3.53096,2410
Oman,Ibra,22.69057,58.53337,1401
China,Taiyuan,37.86944,112.56028,549
Uzbekistan,Tashkent,41.26465,69.21627,115
Dominican Republic,Punta Cana,18.58182,-68.40431,596
Seychelles,Victoria,-20.31944,-40.33778,253
India,Bhagalpur,25.24446,86.97183,1573
Belgium,Onhaye,50.24148,4.84069,2687
Belgium,Oosterzele,50.95261,3.79826,2688
Australia,Katanning,-33.68787,117.5584,424
Sri Lanka,Anuradhapura,8.31223,80.41306,338
United Kingdom of Great Britain and Northern Ireland,Belfast,54.59682,-5.92541,38
Colombia,Valledupar,10.46314,-73.25322,889
Uganda,Gulu,2.77457,32.29899,1937
Germany,Saarbruecken,49.23262,7.00982,1356
Russian Federation,Kostroma,57.76647,40.92686,658
Mauritius,Port Louis,-20.16194,57.49889,1219
Belgium,Raeren,50.6672,6.11535,2723
Saudi Arabia,Yanbu,24.08954,38.0618,1892
Bangladesh,Rajshahi,24.374,88.60114,1166
Ukraine,Lviv,49.83826,24.02324,2935
Belgium,Berlaar,51.1176,4.65835,2339
Belgium,Tinlot,50.47493,5.37755,2800
China,Pingxiang,27.61672,113.85353,1847
Brazil,Belo Horizonte,-19.92083,-43.93778,1062
Belgium,Hasselt,50.93106,5.33781,2503
Spain,Vitoria-Gasteiz,42.84998,-2.67268,1792
Mali,Kayes,14.44776,-11.44393,130
Zimbabwe,Kariba,-16.51667,28.8,966
Belgium,Moorslede,50.8919,3.06117,2665
Papua New Guinea,Port Moresby,-9.47723,147.1509,1246
Lesotho,Quthing,-30.40001,27.70027,1333
United States,Hawaii,21.094318,-157.498337,3810
Australia,Robe,7.12294,40.00412,1253
Spain,Reus,41.15612,1.10687,2193
Indonesia,Makassar,-5.14861,119.43194,2252
Romania,Cluj-Napoca,46.76667,23.6,2091
North Macedonia,Skopje,41.99646,21.43141,199
Australia,Orford,42.62751,-89.25317,1714
Belgium,Hechtel-Eksel,51.14166,5.37609,2506
Germany,Freiburg,47.9959,7.85222,1346
India,Srinagar,34.08565,74.80555,536
Australia,Colac,-38.339,143.58488,387
Nigeria,Lagos,6.45407,3.39467,258
Netherlands (Kingdom of the),De Bilt,52.11,5.18056,144
Oman,Raysut,16.95022,53.96737,1414
Oman,Dibba,30.69363,77.77171,1396
Viet Nam,Cần Thơ,10.0451,105.7462,620
Denmark,Torshavn,62.00973,-6.77164,582
Japan,Tokyo,35.6895,139.69171,183
Belgium,Farciennes,50.43006,4.54152,2449
Belgium,Bekkevoort,50.94074,4.969,2336
Belgium,Eeklo,51.18703,3.55654,2431
Chile,Punta Arenas,-53.15483,-70.91129,105
Belgium,Zele,51.06566,4.0403,2860
Belgium,Baarle-Hertog,51.40504,4.89226,2324
Belgium,Roeselare,50.94653,3.12269,2735
Belgium,Jabbeke,51.18185,3.08935,2550
Belgium,Tielt,50.99931,3.32707,2797
Chile,Santiago,19.45083,-70.69472,103
Australia,Fingal,46.76053,-97.79038,1811
Belgium,Wellin,50.08133,5.11413,2841
Guinea-Bissau,Bissau,11.86357,-15.59767,346
Spain,Siguenza,41.06892,-2.64308,2906
Somalia,Mogadishu,2.03711,45.34375,2100
Nigeria,Enugu,6.44132,7.49883,3505
Montenegro,Podgorica,42.44111,19.26361,1378
France,Toulouse,43.60426,1.44367,1058
Belgium,Sombreffe,50.52865,4.60087,2776
Belgium,Koekelberg,50.86117,4.33136,2570
Iran (Islamic Republic of),Bushehr,28.96887,50.83657,940
Belgium,Neerpelt,51.22807,5.4427,2674
Portugal,Beja,36.72564,9.18169,2220
New Caledonia,Noumea,-22.27407,166.44884,296
Australia,Port Lincoln,-34.72625,135.87442,481
Italy,Perugia,43.1122,12.38878,1949
Viet Nam,Bắc Kạn,22.147,105.8326,193
Belgium,Sprimont,50.50922,5.6595,2781
TÃ¼rkiye,Erzurum,39.90861,41.27694,53
Netherlands (Kingdom of the),Maastricht,50.84833,5.68889,147
Viet Nam,Bắc Ninh,21.1861,106.0763,707
Belgium,Lanaken,50.89318,5.6468,2588
Spain,Murcia,37.98704,-1.13004,1779
South Africa,Upington,-28.44776,21.25612,2993
Viet Nam,Nghệ An,18.6667,105.6667,495
Australia,Dalby,55.51698,10.65922,392
Iraq,Nasiriya,31.05799,46.25726,1468
Chile,La Serena,-29.90591,-71.25014,2203
Oman,Qairoon,17.25132,54.08604,1413
France,Mont-de-Marsan,43.89022,-0.49713,3564
Belgium,Momignies,50.0271,4.16519,2660
Oman,Ibri,23.22573,56.51572,1402
United Kingdom of Great Britain and Northern Ireland,Bangor,44.79884,-68.77265,1897
Iran (Islamic Republic of),Orumiyeh,37.55274,45.07605,1454
France,Belfort,47.64218,6.85385,3608
Australia,Echuca,-36.14057,144.75185,396
France,La Trinite,14.73807,-60.96319,3618
Romania,Constanta,44.18073,28.63432,2092
Mozambique,Pemba,-12.97395,40.51775,120
United Arab Emirates,Dubai,25.07725,55.30927,1190
Netherlands (Kingdom of the),Den Helder,52.95988,4.75933,141
Spain,Xativa,38.99042,-0.51852,2914
Myanmar,Thandwe,18.46537,94.36563,2159
Mexico,Cuernavaca,18.9261,-99.23075,1281
Switzerland,Zurich,47.36667,8.55,312
Iran (Islamic Republic of),Ghazvin,36.06191,50.47036,1447
Spain,Girona,41.98311,2.82493,1768
Australia,Wangaratta,-36.35846,146.32056,505
Australia,The Corner,18.01667,-63.08333,1825
Belgium,Middelkerke,51.18532,2.82077,2656
United States,West Virginia,38.491226,-80.954453,3847
Guyana,Ebini,5.566,-57.785,1491
Russian Federation,Kemerovo,55.33333,86.08333,1008
Australia,Castlemaine,-37.06709,144.21684,1663
Mexico,Mazatlan,23.2329,-106.4062,1289
Belgium,Mons,50.45413,3.95229,2661
Afghanistan,Herat,34.34817,62.19967,1183
Slovakia,Bratislava,48.14816,17.10674,41
Oman,Bahla,27.77535,71.40619,1394
Venezuela,San Fernando,15.03425,120.68445,1203
French Polynesia,Mangareva,-23.10224,-134.96703,3629
Spain,Lleida,41.61674,0.62218,1775
United States,Michigan,43.326618,-84.536095,3821
Belgium,Lubbeek,50.88278,4.83896,2627
New Zealand,Dunedin,-45.87416,170.50362,1550
India,Mukteshwar,29.4722,79.6479,1609
Bangladesh,Chittagong,22.3384,91.83168,1164
Belgium,Faimes,50.66252,5.26005,2448
China,Tangshan,39.64381,118.18319,1859
Indonesia,Yahukimo,-4.85614,139.48105,3499
Belgium,Olne,50.58994,5.74662,2686
New Caledonia,Thio,-21.61667,166.21667,1486
New Zealand,Rotorua,-38.13874,176.24516,1559
Iran (Islamic Republic of),Tabriz,38.08,46.2919,937
Hungary,Pecs,46.0725,18.23083,64
Belgium,Seneffe,50.53135,4.26301,2756
Lebanon,Beirut,33.89332,35.50157,214
Belgium,Bierbeek,50.82876,4.75949,2349
Peru,Pucallpa,-8.37915,-74.55387,1375
Belgium,Kuurne,50.85143,3.2824,2581
Viet Nam,Bắc Giang,21.2731,106.1946,849
Viet Nam,Bến Tre,10.2424,106.3752,833
Mozambique,Lichinga,-13.31278,35.24056,119
Hungary,Bekescsaba,46.68333,21.1,3010
Belgium,Bever,50.71635,3.94117,2346
Costa Rica,Turrialba,9.90371,-83.68361,1116
French Polynesia,Taravao,-17.73333,-149.31667,3633
Australia,Tarraleah,-42.30153,146.44917,1734
Viet Nam,Hậu Giang,9.7845,105.4735,463
Belgium,Niel,51.11096,4.33428,2678
Belgium,Brugelette,50.59577,3.85363,2375
Colombia,Villavicencio,4.142,-73.62664,890
United States,Ohio,40.388783,-82.764915,3834
Belgium,Modave,50.44614,5.29532,2657
Belgium,Wemmel,50.90812,4.30613,2842
Australia,Coonawarra,-37.2906,140.83441,391
Belgium,Neupre,50.54387,5.48012,2676
Japan,Naha,26.213,127.67851,186
Viet Nam,Hải Dương,20.9391,106.3146,215
Norway,Oslo,59.91273,10.74609,21
Belgium,Eupen,50.6279,6.03647,2445
Viet Nam,Quảng Ninh,20.95,107.0833,688
Botswana,Maun,-19.98333,23.41667,1544
Papua New Guinea,Rabaul,-4.20037,152.16296,1431
Viet Nam,Thừa Thiên Huế,16.4633,107.5847,326
Australia,Liverpool,53.41058,-2.97794,440
French Polynesia,Tahiti,-17.65601,-149.41916,297
Burundi,Bujumbura,-3.38193,29.36142,1519
France,Poitiers,46.58261,0.34348,3604
China,Shanghai,31.22222,121.45806,240
Armenia,Sevan,40.548,44.95314,68
United Kingdom of Great Britain and Northern Ireland,Plymouth,50.37153,-4.14305,1906
Australia,Swansea,51.62079,-3.94323,497
Viet Nam,Quảng Nam,15.5667,108.4833,149
India,Bangalore,12.97194,77.59369,523
Brazil,Curitiba,-25.42778,-49.27306,1066
France,Metz,49.11911,6.17269,3580
France,Pamandzi,-12.79674,45.27938,3625
New Zealand,Kaikoura,-42.41667,173.68333,2115
India,Karnal,29.69197,76.98448,1598
Belgium,Buggenhout,51.0159,4.20173,2378
India,Bhopal,23.25469,77.40289,524
China,Datong,40.09361,113.29139,1836
Germany,Dresden,51.05089,13.73832,1343
Venezuela,Guiria,10.57721,-62.29841,2057
Belgium,Liedekerke,50.86892,4.08743,2608
Italy,Palermo,38.1166,13.3636,605
Belgium,Kontich,51.13213,4.44706,2572
Viet Nam,Vĩnh Long,10.2536,105.9723,920
Costa Rica,Sixaola,9.50371,-82.612,1117
Bhutan,Bhur,30.78853,73.12157,2954
Australia,Waratah,-41.44367,145.53287,1827
Belgium,La Roche-En-Ardenne,50.18361,5.57547,2585
El Salvador,San Salvador,13.68935,-89.18718,282
Lithuania,Kaunas,54.90272,23.90961,607
Spain,Gijon,43.53573,-5.66152,2184
Peru,Iquitos,-3.74912,-73.25383,111
Spain,Ceuta,35.88919,-5.32042,1763
Belgium,Zutendaal,50.93306,5.5753,2872
Poland,Rzeszow,50.04132,21.99901,2169
Democratic People's Republic of Korea,Pyongyang,39.03385,125.75432,230
Malaysia,Sandakan,5.8402,118.1179,91
Bulgaria,Plovdiv,42.15,24.75,1422
Viet Nam,Phú Thọ,21.3235,105.4011,252
Thailand,Kanchanaburi,14.00412,99.54832,574
Finland,Kuopio,62.89238,27.67703,171
Australia,Prospect,41.50232,-72.97872,1721
Viet Nam,Thái Bình,20.4463,106.3364,872
Indonesia,Mataram,-8.58333,116.11667,2254
Madagascar,Antalaha,-14.90033,50.27876,2996
Australia,Walpeup,-35.13333,142.03333,1744
Thailand,Mae Hong Son,19.30029,97.96852,565
Mongolia,Tsetserleg,47.475,101.45417,1142
Ecuador,Cuenca,-2.90055,-79.00453,2047
Chile,Puerto Montt,-41.4693,-72.94237,104
Nepal,Dhankuta,26.98333,87.33333,2102
Azerbaijan,Lenkaran,43.02799,-2.27886,20
Poland,Suwalki,54.07278,22.89917,585
Botswana,Kasane,-17.80165,25.16024,1545
Kenya,Moyale,3.52661,39.0561,2952
United Kingdom of Great Britain and Northern Ireland,Ullapool,57.89872,-5.16039,1912
Belgium,Sankt Vith,50.28146,6.12724,2750
Czechia,Brno,49.19522,16.60796,693
Israel,Mizpe Ramon,30.60944,34.80111,1933
Morocco,Tanger,24.18333,-102.71667,3521
Uzbekistan,Samarkand,39.65417,66.95972,116
Iran (Islamic Republic of),Ilam,33.6374,46.4227,1451
Norway,Bergen,60.39299,5.32415,22
Bhutan,Trashigang,27.3331,91.55424,2957
Colombia,San Jose Del Guaviare,2.57286,-72.64591,1648
Colombia,Neiva,2.9273,-75.28189,877
Malaysia,Alor Setar,6.12104,100.36014,75
United Kingdom of Great Britain and Northern Ireland,Newcastle,-27.75796,29.9318,29
Botswana,Francistown,-21.17,27.50778,1543
United Republic of Tanzania,Mtwara,-10.26667,40.18333,668
Armenia,Yerevan,40.18111,44.51361,66
Philippines,Tuguegarao,17.61577,121.72285,1094
Australia,Mackay,-21.15345,149.16554,443
Greece,Larissa,39.63689,22.41761,2284
Morocco,Fes,34.03313,-5.00028,3515
Australia,Kerang,-2.2333,116.0718,1682
Australia,Phillip Island,-38.48349,145.23102,1716
Nepal,Taplejung,27.35709,87.67229,3510
Serbia,Pristina,42.67272,21.16688,1391
Honduras,Tegucigalpa,14.0818,-87.20681,283
Italy,Torino,45.07049,7.68682,1952
Lao People's Democratic Republic,Pakse,15.12022,105.79898,646
Morocco,Oujda,34.68139,-1.90858,3518
Burkina Faso,Gaoua,10.33137,-3.18202,1531
Pakistan,Lahore,31.558,74.35071,891
Uganda,Tororo,0.69299,34.18085,1941
Israel,Nazareth,32.70056,35.29722,1934
India,Puducherry,11.93381,79.82979,1615
Russian Federation,Murmansk,68.97398,33.09747,967
Armenia,Kapan,39.20755,46.40576,69
Bhutan,Paro,27.4305,89.41334,1273
Australia,Currie,-39.92976,143.85385,1670
Viet Nam,Lai Châu,22.3959,103.4621,960
Poland,Torun,53.01375,18.59814,2170
Uzbekistan,Termez,37.22417,67.27833,117
Uzbekistan,Nukus,42.45306,59.61028,118
Russian Federation,Tiksi,71.69075,128.86523,1040
Belgium,Beringen,51.04954,5.22606,2338
Australia,Hobart,-42.87936,147.3294,316
India,Varanasi,25.31668,83.01041,1628
Spain,Segovia,40.94808,-4.11839,1787
Kenya,Makindu,-2.27808,37.81867,1797
Austria,Vienna,48.20849,16.37208,17
Bangladesh,Barishal,22.70497,90.37013,1168
Australia,Gold Coast,-28.00029,153.43088,405
Bahamas,Inagua,20.97565,-73.67509,1634
China,Daqing,46.58333,125.0,1835
Australia,Nhill,-36.33333,141.65005,1711
Sri Lanka,Colombo,6.93548,79.84868,227
Australia,Leinster,-27.92028,120.6967,438
Belgium,Alveringem,51.01238,2.71117,2298
United Republic of Tanzania,Tanga,-5.06893,39.09875,671
Malaysia,Ipoh,4.5841,101.0829,77
Australia,Wilsons Promontory,-38.96022,146.36774,1748
Ghana,Techiman,7.59054,-1.93947,2980
Lesotho,Oxbow,44.28728,-75.623,1336
Kenya,Kitale,1.01572,35.00622,2948
Slovenia,Portoroz,45.51429,13.59206,1925
Philippines,Roxas,17.11894,121.62014,1099
Australia,Glen Innes,-29.73485,151.7385,1319
Russian Federation,Cherkessk,44.22333,42.05778,1111
Botswana,Ghanzi,-21.69785,21.64581,1546
Colombia,Arauca,7.08471,-70.75908,867
India,Indore,22.71792,75.8333,1590
Spain,Sitges,41.23506,1.81193,2197
Belgium,Dilsen-Stokkem,51.03055,5.73469,2420
Australia,Yeppoon,-23.12683,150.74406,513
Viet Nam,Yên Bái,21.7051,104.8751,734
Lithuania,Klaipeda,55.7068,21.13912,608
Belgium,Gouvy,50.186,5.93917,2485
United States,Alabama,32.806671,-86.79113,3800
Iraq,Baghdad,33.34058,44.40088,1464
Guatemala,Guatemala City,14.64072,-90.51327,906
CÃ´te d'Ivoire,Bouake,7.69385,-5.03031,2879
Belgium,Brasschaat,51.2912,4.49182,2371
Romania,Botosani,47.75,26.66667,2090
China,Luoyang,34.67345,112.43684,1845
Burkina Faso,Ouahigouya,13.58278,-2.42158,1533
Brazil,Rio De Janeiro,-22.90642,-43.18223,1080
Israel,Tel Aviv,32.08088,34.78057,44
TÃ¼rkiye,Van,38.49457,43.38323,1370
Poland,Olsztyn,53.77995,20.49416,2168
Viet Nam,Bình Phước,11.7516,106.8778,347
Vanuatu,Lakatoro,-16.09992,167.41637,1469
Spain,Cordoba,-31.40648,-64.18853,1765
Belgium,Nazareth,32.70056,35.29722,2673
Japan,Nagoya,35.18147,136.9064,355
Hungary,Szombathely,47.23088,16.62155,3014
Serbia,Zlatibor,43.729,19.70029,1392
Oman,Rustaq,23.39083,57.42444,1415
Belgium,Profondeville,50.37581,4.86506,2717
Belgium,Philippeville,50.19612,4.54374,2712
Belgium,Drogenbos,50.78733,4.31471,2426
China,Yinchuan,38.46806,106.27306,544
Mexico,Morelia,19.70078,-101.18443,1292
Belgium,Nevele,51.03531,3.54574,2677
Belgium,Roosdaal,50.83333,4.08333,2737
CÃ´te d'Ivoire,Bondoukou,8.0402,-2.80003,2878
Philippines,Tacloban,11.24333,125.00472,1102
Portugal,Portalegre,39.29379,-7.43122,2228
France,Rennes,48.11198,-1.67429,3559
Australia,New Norfolk,-42.78261,147.0587,1710
Russian Federation,Penza,53.20066,45.00464,998
Spain,Figueres,42.26645,2.96163,2183
Dominican Republic,Puerto Plata,19.79344,-70.6884,595
China,Zhangjiakou,40.78341,114.87139,1869
India,Pune,18.51957,73.85535,535
Spain,San Sebastian de la Gomera,28.09163,-17.11331,2194
China,Nanjing,32.06167,118.77778,350
Belgium,Durbuy,50.35291,5.45631,2428
Belgium,Bastogne,50.00347,5.71844,2328
Belgium,Hannut,50.67142,5.07898,2501
Viet Nam,Bình Định,13.782,109.2194,133
Belgium,Mont-Saint-Guibert,50.63427,4.61061,2663
Belgium,Hastiere,50.21658,4.81639,2504
Indonesia,Pontianak,-0.03194,109.325,653
Peru,Arequipa,-16.39889,-71.535,109
Malaysia,Melaka,-6.2305,106.9325,86
Belgium,Kortenberg,50.88982,4.54353,2575
Nigeria,Maiduguri,11.84692,13.15712,3507
China,Shangqiu,34.45,115.65,1851
Belgium,Jette,50.87309,4.33419,2553
Spain,Manresa,41.72815,1.82399,2900
Japan,Sapporo,43.06667,141.35,181
Spain,Trujillo,-8.11599,-79.02998,2910
Romania,Arad,46.18333,21.31667,2089
Belgium,Ramillies,50.63395,4.90119,2724
Australia,Katherine,-14.46517,132.26347,425
CÃ´te d'Ivoire,Abidjan,5.35444,-4.00167,2876
Myanmar,Katha,24.17541,96.34144,2144
Australia,Mortlake,51.46945,-0.26749,1698
France,Evry,48.6328,2.44049,3609
Spain,Logrono,42.46667,-2.45,1776
Germany,Hamburg,53.55073,9.99302,55
Turkmenistan,Ashgabat,37.95,58.38333,212
Mongolia,Tosontsengel,48.75667,98.28389,1136
Mongolia,Undurkhaan,47.31944,110.65556,1151
Guyana,Bartica,6.40799,-58.62192,1490
Indonesia,Samarinda,-0.49167,117.14583,2261
Guyana,Georgetown,6.80448,-58.15527,289
France,Sainte-Marie,-20.89686,55.55056,3623
Australia,Marble Bar,-21.17067,119.74441,1251
French Polynesia,Rapa,46.78265,22.02446,3632
Azerbaijan,Ganja,40.68278,46.36056,19
Croatia,Dubrovnik,42.64125,18.10909,74
Spain,Vinaros,40.47033,0.47559,2913
Kenya,Eldoret,0.52036,35.26993,854
Belgium,Sint-Jans-Molenbeek,50.8499,4.31248,2764
Spain,Santa Cruz de La Palma,28.68351,-17.76421,2195
Belgium,Ecaussinnes,50.56865,4.18398,2429
Belgium,Landen,50.75267,5.082,2589
China,Yangquan,37.8575,113.56333,1865
Chile,Concepcion,-36.82699,-73.04977,2202
Belgium,Willebroek,51.06041,4.36019,2851
Spain,Aranda de Duero,41.67041,-3.6892,2175
Somalia,Hargeisa,9.56,44.065,2099
Republic of Korea,Gangneung,37.75266,128.87239,333
Belgium,Walcourt,50.25401,4.43796,2830
Belgium,Dilbeek,50.84799,4.25972,2419
Ghana,Navrongo,10.89469,-1.09083,1386
Australia,Batemans Bay,-35.70658,150.17542,363
Papua New Guinea,Madang,-5.22152,145.78696,1430
Serbia,Nis,43.32472,21.90333,1389
Viet Nam,Giang,10.5185,105.1152,168
Peru,Juliaca,-15.5,-70.13333,1376
Iran (Islamic Republic of),Gorgan,36.8427,54.44391,1449
Belgium,Putte,51.05337,4.63263,2718
Belgium,Linkebeek,50.76781,4.33688,2616
Australia,Lajamanu,-18.33583,130.63834,1686
Senegal,Kaolack,14.15197,-16.07259,2920
Viet Nam,TP. Hồ Chí Minh,10.8231,106.6297,521
Colombia,Cartagena,10.39972,-75.51444,161
Belgium,Houthulst,50.97824,2.9505,2537
Australia,Katoomba,-33.71977,150.30739,426
Spain,Tarancon,40.00851,-3.00731,2907
Djibouti,Djibouti,11.58901,43.14503,250
Vanuatu,Lenakel,-19.53087,169.2676,1470
Burundi,Rwegura,-2.9174,29.516,1525
Lesotho,Mohale's Hoek,-30.15137,27.47691,1332
France,Valence,39.47391,-0.37966,3552
Cameroon,Buea,4.15342,9.24231,3016
United States,Nebraska,41.12537,-98.268082,3826
Belarus,Minsk,53.9,27.56667,205
France,Aurillac,44.92539,2.43983,3541
Dominican Republic,Santo Domingo,18.47186,-69.89232,281
Australia,Taree,-31.91099,152.45387,500
Belgium,Sint-Gillis,50.82763,4.34389,2762
United States,Minnesota,45.694454,-93.900192,3822
Sudan,Nyala,12.04888,24.88069,1539
Israel,Tiberias,32.79221,35.53124,45
Armenia,Dilijan,40.74037,44.86344,2079
United Kingdom of Great Britain and Northern Ireland,Swansea,51.62079,-3.94323,1910
Chad,Ndjamena,12.01474,14.72028,256
Morocco,Casablanca,33.58831,-7.61138,179
Ethiopia,Gode,5.95056,43.55186,1920
Nigeria,Ilorin,8.49664,4.54214,3506
Oman,Saiq,23.07542,57.64342,1416
United States,Maryland,39.063946,-76.802101,3819
United Kingdom of Great Britain and Northern Ireland,Armagh,54.35,-6.66667,1895
Mongolia,Bulgan,48.8125,103.53472,1145
France,Annecy,45.90878,6.12565,3593
Qatar,Doha,25.28545,51.53096,221
Belgium,Harelbeke,50.85343,3.30935,2502
Belgium,Quaregnon,50.44067,3.8653,2720
Panama,Anton,8.39677,-80.26499,1244
Suriname,Sipaliwini,2.02651,-56.12632,2088
Cyprus,Prodromos,39.37571,21.97493,1886
Viet Nam,Hòa Bình,20.8171,105.3375,511
Indonesia,Palembang,-2.91673,104.7458,2257
El Salvador,San Miguel,13.48333,-88.18333,1188
Madagascar,Maintirano,-18.06354,44.02951,3002
United States,Maine,44.693947,-69.381927,3818
Algeria,Tamanrasset,22.785,5.52278,1362
Belgium,Scherpenheuvel-Zichem,51.01041,4.97492,2753
Denmark,Copenhagen,55.67594,12.56553,190
Czechia,Pilsen,49.74747,13.37759,2161
Belgium,Fosses-La-Ville,50.39517,4.69623,2463
Dominica,Melville Hall Airport,15.5466,-61.30119,287
Portugal,Porto,41.14961,-8.61099,3
New Zealand,Gore,35.52926,-95.11718,2111
Belgium,Maasmechelen,50.96545,5.69452,2631
Guinea,Faranah,10.04036,-10.74343,930
Myanmar,Homalin,24.86667,94.90916,2141
India,Port Blair,11.66613,92.74635,1616
Armenia,Vanadzor,40.80456,44.4939,67
Zimbabwe,Gokwe,-18.20476,28.9349,955
Nepal,Dhangadhi,28.70159,80.58991,2961
Spain,Aranjuez,40.03108,-3.60246,2885
Belgium,Frameries,50.40578,3.89603,2464
Greece,Thessaloniki,40.64361,22.93086,178
Haiti,Port-au-Prince,18.54349,-72.33881,1500
China,Yichang,30.71444,111.28472,1867
French Polynesia,Takaroa,-14.45621,-145.0263,3634
Cyprus,Nicosia,35.17531,33.3642,1441
Chad,Sarh,9.14555,18.38331,1172
Malaysia,Langkawi,5.68333,115.93333,85
Georgia,Tbilisi,41.69411,44.83368,209
Sweden,Lulea,65.58415,22.15465,3020
India,Allahabad,36.13848,58.64241,1565
Ecuador,Quito,-0.22985,-78.52495,291
Viet Nam,Ninh Thuận,11.5647,108.9892,208
Algeria,Algiers,36.73225,3.08746,242
British Caribbean Territories,Cayman Islands,19.5,-80.66667,96
Viet Nam,Nam Định,20.4231,106.1681,160
Senegal,Saint-Louis,16.01793,-16.48962,2928
China,Xiangfan,32.0422,112.14479,1879
Belgium,Sambreville,50.43444,4.63263,2749
Belgium,Kalmthout,51.38442,4.47556,2557
Belgium,Puurs,51.07409,4.28844,2719
Cameroon,Garoua,9.30143,13.39771,1515
Zimbabwe,Mutare,-18.9707,32.67086,954
Belgium,Wichelen,51.00526,3.97683,2848
Viet Nam,Hà Tĩnh,18.3421,105.9038,645
Cameroon,Ngaoundere,7.32765,13.58472,1514
India,Ambala,30.36099,76.79782,1638
Angola,Luanda,-8.83682,13.23432,261
United States,Oklahoma,35.565342,-96.928917,3835
Rwanda,Rubavu,-1.6894,29.3025,1510
Republic of Korea,Busan,35.10168,129.03004,336
Belgium,Habay,49.72329,5.61999,2492
Indonesia,Balikpapan,-1.26753,116.82887,2234
South Africa,Rustenburg,-25.66756,27.24208,2992
Samoa,Apia,-13.83333,-171.76666,1230
Belgium,Libin,49.98107,5.25612,2605
Australia,Mudgee,-32.59426,149.5871,464
Australia,Busselton,-33.65249,115.3455,377
Vanuatu,Sola,-13.87611,167.55167,1472
Kuwait,Kuwait City,29.36972,47.97833,1498
Austria,Innsbruck,47.26266,11.39454,905
Belgium,Oud-Turnhout,51.31978,4.9841,2697
Guyana,Mabaruma,8.2,-59.78333,1495
Uruguay,Montevideo,-34.90328,-56.18816,293
Slovakia,Kosice,48.71395,21.25808,1228
Germany,Koeln,50.93333,6.95,56
Dominican Republic,Montecristi,-1.04576,-80.65889,594
Viet Nam,Đồng Nai,10.9575,106.8427,278
South Africa,Nelspruit,-25.47512,30.96935,2988
Russian Federation,Vladimir,56.13655,40.39658,987
Panama,Los Santos,7.93445,-80.41218,1243
Belgium,Houffalize,50.13235,5.78962,2535
TÃ¼rkiye,Zonguldak,41.45139,31.79305,1371
Belgium,Izegem,50.91396,3.21378,2549
Viet Nam,Vĩnh Phúc,21.3089,105.6047,456
Mexico,Tijuana,32.5027,-117.00371,1299
Latvia,Ventspils,57.39485,21.56121,176
Belgium,Les Bons Villers,50.53209,4.43504,2601
Belgium,Saint-Leger,49.61196,5.65688,2746
Rwanda,Ngoma,-2.21667,30.46667,1505
Ghana,Koforidua,6.09408,-0.25913,2975
Libya (State of),Sirte,31.20892,16.58866,1181
Viet Nam,Lào Cai,22.4856,103.9707,108
Colombia,Buenaventura,3.58333,-77.0,1642
Belgium,Tienen,50.80745,4.9378,2799
France,Pontoise,49.05,2.1,3613
China,Hangzhou,30.29365,120.16142,556
Portugal,Guarda,40.53733,-7.26575,2225
El Salvador,Acajutla,13.59278,-89.8275,1187
Belgium,Galmaarden,50.75389,3.97121,2467
Australia,Alyangula,-13.85413,136.4213,357
Uganda,Kabale,-1.24857,29.98993,1938
China,Taibei,34.7,119.23333,354
Belgium,Brecht,51.35024,4.63829,2372
Spain,Tarragona,41.11905,1.24544,1789
Sudan,Dongola,19.18163,30.47689,1536
Belgium,Anhee,50.31039,4.87827,2304
Cameroon,Ebolowa,2.9,11.15,3017
Burkina Faso,Boromo,11.74542,-2.93006,1527
Suriname,Djoemoe,4.0229,-55.46812,2082
France,Paris,48.85341,2.3488,194
New Zealand,Timaru,-44.39672,171.25365,2130
Belgium,Villers-Le-Bouillet,50.57708,5.25945,2817
Belgium,Aalter,51.09017,3.44693,2292
Bangladesh,Sylhet,24.89904,91.87198,1165
Zimbabwe,Bulawayo,-20.15,28.58333,950
Portugal,Viana do Castelo,41.69323,-8.83287,2231
Australia,Lakes Entrance,-37.86679,148.00159,1689
Belgium,Rendeux,50.23423,5.50414,2729
Cambodia,Mondulkiri,12.46345,107.18695,3647
Viet Nam,Cà Mau,9.1769,105.1501,365
Slovakia,Lucenec,48.33249,19.66708,1226
Lithuania,Vilnius,54.68916,25.2798,204
Belgium,Ghent,51.05,3.71667,2480
United States,Illinois,40.349457,-88.986137,3812
Belgium,Sint-Laureins,51.24202,3.52441,2767
Belgium,Zulte,50.91954,3.44859,2871
Australia,Mandurah,-32.5269,115.7217,446
Cuba,Varadero,23.15678,-81.24441,705
Belgium,Lens,50.43302,2.82791,2599
India,Salem,11.65376,78.15538,1631
Japan,Osaka,34.69379,135.50107,184
Norway,Kristiansand,58.14671,7.9956,908
Ghana,Sunyani,7.33991,-2.32676,1382
Philippines,Catbalogan,11.77528,124.88611,1101
Belgium,Pepinster,50.56568,5.80386,2709
New Zealand,Wellington,-41.28664,174.77557,298
Australia,Mount Nowa Nowa,-37.69208,148.09236,1707
China,Harbin,45.75,126.65,540
Senegal,Louga,15.61867,-16.22436,2924
Spain,Almeria,36.83814,-2.45974,1756
Belgium,Le Roeulx,50.50365,4.11163,2592
Viet Nam,Hà Nam,20.5463,105.9142,696
Paraguay,Pedro Juan Caballero,-22.54722,-55.73333,1176
Russian Federation,Voronez,51.67204,39.1843,1020
Panama,David,8.42729,-82.43085,1241
Tajikistan,Dushanbe,38.53575,68.77905,211
New Zealand,Palmerston North,-40.35636,175.61113,1557
Gambia (The),Basse,52.80417,6.03194,3526
France,Nanterre,48.89198,2.20675,3610
Australia,Griffith,41.52837,-87.42365,410
Australia,Lake St Clair,-37.29713,139.9071,1688
Ethiopia,Lalibela,12.03219,39.04756,1922
Bhutan,Mongar,27.27471,91.23963,1276
Russian Federation,Ulan-Ude,51.82721,107.60627,1013
Ukraine,Kharkiv,49.98081,36.25272,2936
Pakistan,Hyderabad,17.38405,78.45636,896
New Zealand,Whangarei,-35.73167,174.32391,2136
Cuba,Camaguey,21.38083,-77.91694,708
Russian Federation,Kursk,51.73733,36.18735,1019
Guinea,Kindia,10.05692,-12.86576,924
Brazil,Salvador,-12.97563,-38.49096,1081
Mexico,Mexicali,32.62781,-115.45446,1291
Colombia,Riohacha,11.54444,-72.90722,884
Venezuela,Barcelona,41.38879,2.15899,2053
Madagascar,Sambava,-14.26667,50.16667,3007
France,Creteil,48.79266,2.46569,3612
Belgium,Villers-La-Ville,50.57953,4.53398,2816
Australia,Deniliquin,-35.53245,144.95364,393
Belgium,Boechout,51.15959,4.49195,2356
Belgium,Kaprijke,51.2172,3.61519,2561
Guinea,Mamou,10.37546,-12.09148,926
Spain,Valladolid,41.65518,-4.72372,1239
Burkina Faso,Dori,14.0341,-0.03261,1529
France,La Roche-sur-Yon,46.66974,-1.42757,3603
Belgium,Dinant,50.25807,4.91166,2421
Algeria,Bechar,31.61667,-2.21667,1435
Burkina Faso,Po,11.16972,-1.145,1534
Colombia,Palmira,3.53944,-76.30361,1646
Algeria,Oran,35.69906,-0.63588,1361
Republic of Korea,Gwangju,35.15472,126.91556,335
Lao People's Democratic Republic,Vientiane,17.96667,102.6,235
Belgium,Tubize,50.69059,4.2009,2808
Colombia,Medellin,6.25184,-75.56359,159
Colombia,Armenia,4.53389,-75.68111,868
France,Lyon,45.74846,4.84671,1054
Viet Nam,Quảng Ngãi,15.1205,108.7925,164
Thailand,Chiang Rai,19.90858,99.8325,566
China,Jinan,36.66833,116.99722,551
Saudi Arabia,Taif,-5.03333,39.73333,864
India,Solapur,17.67152,75.91044,1623
Australia,Dover,39.15817,-75.52437,1809
Viet Nam,Bạc Liêu,9.2941,105.7242,496
Belgium,Destelbergen,51.05952,3.79899,2415
Germany,Kassel,51.31667,9.5,1348
Kazakhstan,Astana,51.1801,71.44598,153
TÃ¼rkiye,Izmir,38.41273,27.13838,49
India,Rajkot,22.29161,70.79322,1618
United Arab Emirates,Ras Al Khaimah,25.78953,55.9432,1191
Thailand,Hua Hin,12.57065,99.95876,576
Madagascar,Farafangana,-22.82223,47.82615,3000
Belgium,Lokeren,51.10364,3.99339,2622
France,Montauban,44.01759,1.3542,3600
Morocco,Ouarzazate,30.91894,-6.89341,3517
South Africa,Ladysmith,-28.55874,29.77896,2985
Mozambique,Nampula,-15.11646,39.2666,121
Croatia,Osijek,45.55111,18.69389,71
Australia,Kalgoorlie,-30.74614,121.4742,422
Viet Nam,Sơn La,21.3262,103.9149,503
Cambodia,Kep,28.05,81.61667,3639
Colombia,Popayan,2.43823,-76.61316,880
Australia,Bicheno,-41.87429,148.30238,1804
Australia,Mount Wellington,-36.9082,174.82019,1708
Madagascar,Toliara,-23.35,43.66667,10
Australia,Albion Park,-34.57132,150.77568,1649
Costa Rica,San Isidro,-34.46971,-58.52111,1130
Slovakia,Tisinec,49.22133,21.63704,1229
Zimbabwe,Chipinge,-20.18833,32.62365,964
Netherlands (Kingdom of the),Groningen,53.21917,6.56667,142
Viet Nam,Đồng Tháp,10.4552,105.6323,813
Spain,Valdepenas,38.76211,-3.38483,2912
Viet Nam,Lạng Sơn,21.8519,106.7614,861
Senegal,Kaffrine,14.10594,-15.5508,2919
Costa Rica,Quepos,9.43063,-84.16231,1129
Spain,Salou,41.07663,1.14163,2905
Somalia,Bosaso,11.28421,49.18158,2098
Germany,Oberstdorf,47.40724,10.27939,1353
TÃ¼rkiye,Istanbul,41.01384,28.94966,47
Myanmar,Monywa,22.10856,95.13583,2149
Australia,Orbost,-37.69644,148.457,476
Israel,Haifa,32.81841,34.9885,1931
Australia,Exmouth,50.61723,-3.40233,401
Brazil,Cuiaba,-15.59611,-56.09667,1065
New Zealand,Motueka,-41.13333,173.01666,2119
Cuba,Cienfuegos,22.14681,-80.4481,706
Costa Rica,Upala,10.89908,-85.01366,1122
France,Bar-le-Duc,48.77275,5.16108,3578
Australia,Alice Springs,-23.69748,133.88362,323
Belgium,Huy,50.51894,5.23284,2542
Pakistan,Nawabshah,26.23939,68.40369,895
Guinea,Labe,11.31823,-12.28332,927
Viet Nam,Điện Biên,21.3833,103.0167,811
Chad,Bol,13.46729,14.71352,1170
China,Yushu,44.82751,126.54063,1868
China,Guilin,25.28022,110.29639,561
Algeria,Djanet,24.55528,9.485,1437
Egypt,Sharm El-Sheikh,27.91582,34.32995,1269
Belgium,Vise,50.7376,5.69907,2820
Mexico,Tampico,22.28519,-97.87777,1298
Mexico,Acapulco,16.11417,-91.51028,1207
Australia,Mount Dandenong,-37.83333,145.36667,1702
Belgium,Orp-Jauche,50.6839,4.94934,2694
Dominican Republic,Santiago,19.45083,-70.69472,598
Morocco,Errachidia,31.9314,-4.42663,3514
Italy,Cagliari,39.23054,9.11917,601
Costa Rica,Filadelfia,-22.33936,-60.03157,1125
TÃ¼rkiye,Nevsehir,38.625,34.71222,1367
Senegal,Sedhiou,12.70806,-15.55694,2929
Italy,Vieste,41.88209,16.17139,2078
Colombia,Yopal,5.33775,-72.39586,1323
Australia,Cairns,-16.92366,145.76613,299
Cuba,Pinar Del Rio,22.41667,-83.69667,704
Russian Federation,Kaluga,54.5293,36.27542,990
Viet Nam,Đắk Nông,12.0,107.7,132
Spain,Santander,43.46472,-3.80444,1786
Pakistan,Gilgit,35.91869,74.31245,897
United States,South Dakota,44.299782,-99.438828,3840
Belgium,Heusden-Zolder,51.03729,5.29653,2524
Benin,Parakou,9.33716,2.63031,2214
Indonesia,Ambon,-3.69583,128.18333,655
Belgium,Zandhoven,51.21488,4.66164,2857
Belgium,Ronse,50.74574,3.6005,2736
Lithuania,Siauliai,55.93333,23.31667,1548
Belgium,Hamois,50.3402,5.15619,2499
Guyana,Anna Regina,7.26439,-58.50769,1489
Viet Nam,Hải Phòng,20.8449,106.6881,237
United Republic of Tanzania,Zanzibar,-6.16394,39.19793,672
Poland,Wroclaw,51.1,17.03333,586
Guyana,Kamarang,-6.85,108.51667,1492
Viet Nam,Long An,10.5332,105.4053,255
Belgium,Vielsalm,50.28407,5.91502,2815
Belgium,Merksplas,51.35851,4.86513,2651
Benin,Bohicon,7.17826,2.0667,2209
Russian Federation,Krasnodar,45.04484,38.97603,1027
Brazil,Natal,-5.795,-35.20944,1074
Mexico,Villahermosa,17.98689,-92.93028,1303
China,Zibo,36.79056,118.06333,1872
Indonesia,Bandar Lampung,-5.42917,105.26111,2236
China,Huaibei,33.97444,116.79167,1840
Australia,Yarrawonga,-36.01923,145.99973,1750
Spain,Ciudad Real,38.98626,-3.92907,1764
India,Dibrugarh,27.47989,94.90837,1580
Australia,Geraldton,-28.77897,114.61459,403
Belgium,Nassogne,50.12849,5.34274,2672
CuraÃ§ao and Sint Maarten,Curacao,12.16667,-68.96667,286
United States,Vermont,44.045876,-72.710686,3844
China,Fuzhou,26.06139,119.30611,557
Myanmar,Pathein,16.77919,94.73212,2152
New Zealand,Hastings,50.85568,0.58009,2113
France,Saint-Brieuc,48.51513,-2.76838,3548
United Kingdom of Great Britain and Northern Ireland,Rhayader,52.30154,-3.51146,1908
Croatia,Zagreb,45.81444,15.97798,70
Sweden,Kiruna,67.85572,20.22513,1045
Australia,Roxby Downs,-30.56305,136.89546,489
Belgium,Wellen,50.84096,5.33867,2840
Australia,Tamworth,-31.09048,150.92905,499
Botswana,Gaborone,-24.65451,25.90859,1542
China,Shaoguan,24.8,113.58333,1853
Belgium,Flemalle,50.60223,5.44355,2454
Spain,Ourense,42.33669,-7.86407,1780
Viet Nam,Thái Nguyên,21.5939,105.8481,110
Croatia,Split,43.50891,16.43915,73
Slovenia,Novo Mesto,45.80397,15.16886,1924
France,Bobigny,48.90982,2.45012,3611
Finland,Turku,60.45148,22.26869,169
Greece,Rhodes,36.43556,28.22199,2286
Iran (Islamic Republic of),Semnan,35.57691,53.39205,1458
Viet Nam,Bình Dương,11.0531,106.6661,951
Guinea,Siguiri,11.42282,-9.16852,931
Belgium,Ouffet,50.4387,5.4657,2701
United States,Pennsylvania,40.590752,-77.209755,3837
Vanuatu,Port Vila,-17.73648,168.31366,673
Jamaica,Montego Bay,18.47116,-77.91883,99
India,Bikaner,28.01762,73.31495,1575
Belgium,Quievrain,50.40737,3.68351,2722
Ghana,Bolgatanga,10.78556,-0.85139,2970
Senegal,Ziguinchor,12.56801,-16.27326,2932
Indonesia,Serang,-6.11528,106.15417,2263
Papua New Guinea,Goroka,-6.085,145.38667,1427
Zambia,Solwezi,-12.1688,26.38938,1311
Kazakhstan,Almaty,43.25,76.91667,152
Croatia,Rijeka,45.32673,14.44241,72
Australia,Mount Baw Baw,-37.8382,146.27374,1700
Kenya,Garissa,-0.45275,39.64601,1795
China,Gaoxiong,23.07682,112.3867,1838
Belgium,Quevy,50.36879,3.93602,2721
Belgium,Ravels,51.37274,4.9921,2726
Germany,Leipzig,51.33962,12.37129,1350
Belgium,Halen,51.23583,5.95694,2493
Rwanda,Huye,-2.25002,29.80211,1512
Australia,Nowra,-34.88422,150.60036,473
CÃ´te d'Ivoire,Daloa,6.87735,-6.45022,2880
Slovenia,Maribor,46.55472,15.64667,1923
Mexico,Chihuahua,28.63528,-106.08889,1279
Italy,Reggio Calabria,38.11047,15.66129,2076
Belgium,Lobbes,50.35258,4.26716,2620
Australia,Geeveston,-43.16337,146.92549,1813
Egypt,Alexandria,31.20176,29.91582,1268
Russian Federation,Vladikavkaz,43.03667,44.66778,1110
China,Anshan,41.12361,122.99,1831
TÃ¼rkiye,Samsun,41.27976,36.3361,52
CÃ´te d'Ivoire,Adiake,5.28634,-3.30403,2877
Belgium,Machelen,50.91061,4.44174,2632
Belgium,Jodoigne,50.72357,4.86914,2554
Eritrea,Assab,13.00917,42.73944,154
Belgium,Hensies,50.43263,3.68411,2511
Libya (State of),Tripoli,32.88743,13.18733,1179
Mauritius,Plaisance,43.60562,0.04589,247
New Zealand,Gisborne,-38.65333,178.00417,2110
Slovakia,Zilina,49.22315,18.73941,1223
Burundi,Musasa,-3.34028,31.55167,1523
France,Strasbourg,48.58392,7.74553,1057
Fiji,Nadi,-17.80309,177.41617,94
Belgium,St. Hubert,50.21668,-102.3505,946
Israel,Jerusalem,31.76904,35.21633,43
Ethiopia,Bale Robe,7.12294,40.00412,1919
Belgium,Wingene,51.05782,3.27359,2852
Belgium,Sint-Katelijne-Waver,51.06691,4.53469,2765
Serbia,Belgrade,44.80401,20.46513,198
Philippines,Laoag,18.1978,120.5957,1093
Belgium,Oudergem,50.81667,4.43333,2700
Gambia (The),Jenoi,13.48333,-15.56667,3525
Mexico,Toluca,19.28786,-99.65324,1300
Viet Nam, Bà Rịa – Vũng Tàu,10.4114,107.1362,327
Bulgaria,Varna,43.21667,27.91667,919
Belgium,Assesse,50.36934,5.02204,2316
France,Alo,42.49276,-92.34296,3626
Cambodia,Kampot,10.61041,104.18145,3645
Myanmar,Mandalay,21.97473,96.08359,588
Russian Federation,Tambov,52.73169,41.44326,997
Senegal,Linguere,15.3953,-15.1193,2923
United Arab Emirates,Abu Dhabi,24.45118,54.39696,222
Belgium,Kortessem,50.8589,5.38974,2576
Uganda,Entebbe,0.05621,32.47949,1329
Belgium,Kapellen,51.31377,4.43539,2560
Ghana,Nalerigu,10.52726,-0.36982,2976
China,Quanzhou,24.91389,118.58583,1849
Belgium,Dendermonde,51.02869,4.10106,2412
Namibia,Windhoek,-22.55941,17.08323,1830
New Zealand,Reefton,-42.11667,171.86667,2124
India,Imphal,24.80805,93.9442,1589
Australia,Port Pirie,-33.19176,138.01746,483
Australia,Manjimup,-34.24122,116.14564,447
Australia,Augusta,44.31062,-69.77949,359
Indonesia,Bandung,-6.92222,107.60694,2237
France,Avignon,43.94834,4.80892,3602
Brazil,Teresina,-5.08917,-42.80194,1084
Belgium,Beauraing,50.11042,4.95554,2330
Belgium,Bornem,51.09716,4.24364,2361
Nepal,Janakpur,26.72882,85.92628,2963
Indonesia,Banda Aceh,5.54167,95.33333,2235
United Kingdom of Great Britain and Northern Ireland,Aberystwyth,52.41548,-4.08292,1894
Kenya,Meru,0.04626,37.65587,2950
Indonesia,Surabaya,-7.24917,112.75083,648
Belgium,Grobbendonk,51.19043,4.73562,2489
Colombia,Barrancabermeja,7.06528,-73.85472,869
Belgium,Meerhout,51.1321,5.07842,2642
Indonesia,Ternate,0.79065,127.38424,2270
Spain,Lugo,43.00992,-7.55602,1777
Ukraine,Vinnytsia,49.2322,28.46871,2943
Belgium,Andenne,50.48941,5.09513,2301
Belgium,Tielt-Winge,50.91743,4.88368,2798
France,Montpellier,43.61093,3.87635,3558
Mexico,Puebla,19.03793,-98.20346,1293
Belgium,Ans,50.6623,5.52029,2305
Australia,Lithgow,-33.4845,150.14903,687
Bhutan,Samtse,26.89903,89.09951,2955
Belgium,Begijnendijk,51.01942,4.78377,2335
Belgium,Tessenderlo,51.06513,5.08856,2793
United Kingdom of Great Britain and Northern Ireland,Bristol,51.45523,-2.59665,1898
Belgium,Stoumont,50.40667,5.80838,2787
Australia,Huonville,-43.03124,147.04813,1680
Argentina,Trelew,-43.24895,-65.30505,2208
Costa Rica,Cartago,4.74639,-75.91167,1115
Finland,Tampere,61.49911,23.78712,170
Singapore,Singapore,1.28967,103.85007,234
Belgium,Walhain,50.6168,4.69477,2831
Belgium,Heron,50.54731,5.09774,2518
Slovakia,Poprad,49.06144,20.29798,1227
France,Cahors,44.4491,1.43663,3569
Zambia,Choma,-16.80889,26.9875,2981
Belgium,Herzele,50.88681,3.89014,2523
Russian Federation,Tomsk,56.50032,84.98204,1006
United Kingdom of Great Britain and Northern Ireland,Cardiff,51.48,-3.18,36
Belgium,Beauvechain,50.78195,4.7718,2331
Australia,Warwick,41.7001,-71.41617,507
Benin,Cotonou,6.36536,2.41833,259
South Africa,Witbank,-25.87133,29.23323,2994
Bosnia and Herzegovina,Banja Luka,44.77842,17.19386,16
Belgium,Fauvillers,49.85116,5.66405,2450
Solomon Islands,Auki,-8.76778,160.69778,295
Malaysia,Kuantan,3.8077,103.326,83
Venezuela,Margarita,9.15596,-74.26618,1200
Venezuela,San Antonio Del Tachira,7.8112,-72.44437,2063
Germany,Frankfurt,52.34714,14.55062,57
Brazil,Sao Luis,-2.52972,-44.30278,1082
Eswatini,Manzini,-26.49884,31.38004,913
Chile,Coyhaique,-45.57524,-72.06619,2201
Australia,Port Macquarie,-31.43084,152.90894,482
Viet Nam,Ninh Bình,20.2506,105.9744,416
Mongolia,Kharkhorin,47.19245,102.81349,1144
Guyana,Lethem,3.38333,-59.8,1493
Romania,Iasi,47.16667,27.6,2094
Mali,Bamako,12.60915,-7.97522,129
Suriname,Lelydorp,5.7,-55.23333,2084
Sierra Leone,Freetown,8.48714,-13.2356,246
Belgium,Ledegem,50.85785,3.12409,2595
Australia,Merimbula,-36.88901,149.9096,1317
Belgium,Damme,51.25147,3.28144,2404
Australia,Ararat,39.85494,44.6947,1650
Belgium,Leuven,50.87959,4.70093,2603
Greece,Chios,38.36875,26.13718,2277
Belgium,Limbourg,50.61222,5.9412,2614
Viet Nam,Trường Sa,10.66936,115.833324,201
Viet Nam,Đà Nẵng,16.0471,108.2068,590
Australia,Jabiru,-12.67049,132.83604,420
Belgium,Sint-Lievens-Houtem,50.9197,3.86225,2768
New Zealand,Tauranga,-37.68611,176.16667,2127
Romania,Sibiu,45.8,24.15,2096
Egypt,Cairo,30.06263,31.24967,248
Belgium,Tenneville,50.09501,5.52895,2790
Gambia (The),Banjul,13.45274,-16.57803,140
Belgium,Maaseik,51.09802,5.78379,2630
Australia,George Town,5.41123,100.33543,1675
Belgium,Menen,50.79722,3.12245,2647
Norway,Trondheim,63.43049,10.39506,907
Australia,Cocos Island,13.8609,123.7996,683
Mauritius,Vacoas,-20.29806,57.47833,1220
Belgium,Bredene,51.23489,2.97559,2373
Australia,Bridport,43.98506,-73.31262,1658
Spain,Avila,40.65724,-4.69951,1757
France,Saint-Laurent,49.76449,4.77193,3621
Indonesia,Kupang,-10.17083,123.60694,2249
Latvia,Daugavpils,55.88333,26.53333,173
Australia,Combienbar,-37.38333,149.01666,1665
Eswatini,Mbabane,-26.31667,31.13333,912
CuraÃ§ao and Sint Maarten,Oranjestad,12.52398,-70.02703,1829
Belgium,Couvin,50.05284,4.49495,2401
Slovenia,Ljubljana,46.05108,14.50513,54
Belgium,Laarne,51.03078,3.85077,2587
Nepal,Biratnagar,26.45505,87.27007,2960
Australia,Coffs Harbour,-30.29626,153.11351,386
Spain,Ponferrada,42.54664,-6.59619,2191
Hungary,Budapest,47.49835,19.04045,60
Belgium,Boom,51.09242,4.3717,2358
Belgium,Braine-Le-Chateau,50.6799,4.27385,2367
Australia,Tuggeranong,-35.41647,149.06953,1312
Finland,Rovaniemi,66.5,25.71667,172
Viet Nam,Lâm Đồng,11.9404,108.4419,122
Australia,Bothwell,55.80272,-4.06835,1657
Russian Federation,Palana,59.08418,159.95622,1046
Italy,Bologna,44.49381,11.33875,1944
Belgium,Aarschot,50.98715,4.83695,2293
Belize,Belize City,17.49952,-88.19756,148
Ireland,Kerry,52.50156,-3.25862,1914
Belgium,Lede,50.96626,3.98594,2594
Australia,Maydena,-42.7548,146.62564,1817
Russian Federation,Kyzyl,51.71081,94.45338,1031
Belgium,Meeuwen-Gruitrode,51.09468,5.5505,2643
Iraq,Mosul,36.335,43.11889,1467
Viet Nam,Cao Bằng,22.6661,106.2635,910
Mozambique,Vilanculos,-22.0,35.31667,923
Australia,Glenelg,39.26427,-76.99248,1676
Serbia,Novi Sad,45.25167,19.83694,1390
Belgium,Chastre,50.60067,4.634,2387
Czechia,Liberec,50.76711,15.05619,2162
Australia,Gabo Island,9.86667,125.68333,1674
Viet Nam,Gia Lai,13.9833,108.0,797
Mexico,Monterrey,25.67507,-100.31847,1208
Italy,Crotone,39.08077,17.12764,1947
Belgium,Antoing,50.56765,3.4492,2307
New Zealand,Blenheim,-41.51603,173.9528,2107
Belgium,Lontzen,50.68126,6.00712,2625
Ukraine,Dnipro,48.46664,35.04066,2934
Brazil,Fortaleza,-3.71722,-38.54306,1068
Australia,Melaleuca,-29.10131,153.03722,1695
Egypt,Luxor,25.69893,32.6421,1271
Belgium,Incourt,50.69151,4.79816,2545
India,Gangtok,27.32574,88.61216,1582
New Caledonia,Mare,-9.85,27.0,1481
Belgium,De Panne,51.09793,2.59368,2407
Belgium,Arlon,49.68333,5.81667,2312
Belgium,Trois-Ponts,50.37128,5.87146,2806
Belgium,Waremme,50.6976,5.25524,2834
Jamaica,Kingston,17.99702,-76.79358,98
Viet Nam,Hà Giang,22.8233,104.9836,385
Zimbabwe,Beitbridge,-22.21667,30.0,963
Malaysia,Pulau Pinang,5.37292,100.24963,89
Myanmar,Dawei,14.0823,98.19151,2139
Libya (State of),Ghat,24.96334,10.18003,1180
Spain,Talavera de la Reina,39.96348,-4.83076,2198
Myanmar,Sittwe,20.14624,92.89835,2156
Serbia,Kragujevac,44.01667,20.91667,1388
Hungary,Nyiregyhaza,47.95539,21.71671,3013
Australia,Ouse,-42.48624,146.71255,1819
Panama,Santiago,19.45083,-70.69472,1242
France,Orleans,47.90289,1.90389,3568
Australia,Bellerive,38.23283,-88.74062,1654
Chad,Moundou,8.57437,16.07722,1171
Germany,Hannover,52.37052,9.73322,1347
Australia,Ben Lomond,37.08911,-122.08635,1803
Senegal,Dakar,14.6937,-17.44406,244
Bangladesh,Khulna,22.80979,89.56439,1167
Mongolia,Dalanzadgad,43.60886,104.3672,1155
Nigeria,Sokoto,13.06269,5.24322,2051
United States,New York,42.165726,-74.948051,3831
Australia,Ipswich,52.05917,1.15545,419
Burundi,Gitega,-3.42708,29.92463,1521
Myanmar,Sagaing,21.8787,95.97965,2155
Belgium,Fontaine-L'Eveque,50.40907,4.32427,2461
India,Ajmer,26.4521,74.63867,1563
Australia,Swan Hill,-35.33781,143.5544,498
Belgium,Courcelles,50.46379,4.3747,2399
New Zealand,Kaitaia,-35.11485,173.26366,1553
New Zealand,Napier,-39.4926,176.91232,1554
Canada,Banff,51.1784,-115.5708,623
Canada,Calgary,51.0447,-114.0719,622
Canada,Charlottetown,46.2382,-63.1311,639
Canada,Cranbrook,49.5130,-115.7694,618
Canada,Edmonton,53.5461,-113.4938,621
Canada,Fredericton,45.9636,-66.6431,636
Canada,Goose Bay,53.3333,-60.4167,640
Canada,Grande Prairie,55.1708,-118.7947,625
Canada,Halifax,44.6488,-63.5752,637
Canada,Inuvik,68.3607,-133.7230,643
Canada,Iqaluit,63.7467,-68.5170,613
Canada,Kamloops,50.6745,-120.3273,617
Canada,Lethbridge,49.6956,-112.8451,627
Canada,Medicine Hat,50.0417,-110.6775,626
Canada,Montreal,45.5017,-73.5673,634
Canada,Ottawa,45.4215,-75.6972,265
Canada,Prince George,53.9171,-122.7497,619
Canada,Prince Rupert,54.3150,-130.3201,616
Canada,Quebec,46.8139,-71.2080,635
Canada,Red Deer,52.2681,-113.8111,624
Canada,Regina,50.4452,-104.6189,629
Canada,Saint John,45.2733,-66.0633,641
Canada,Saskatoon,52.1332,-106.6700,628
Canada,St Johns,47.5615,-52.7126,642
Canada,Sudbury,46.4917,-81.0130,632
Canada,Sydney,46.1389,-60.1931,638
Canada,Thunder Bay,48.3809,-89.2477,631
Canada,Toronto,43.6532,-79.3832,264
Canada,Vancouver,49.2827,-123.1207,266
Canada,Whitehorse,60.7212,-135.0568,614
Canada,Windsor,42.3149,-83.0364,633
Canada,Winnipeg,49.8951,-97.1384,630
Canada,Yellowknife,62.4540,-114.3718,615